Suzi,Afield,45
Skelly,Aishford,35
Ruddy,Aistrop,23
Napoleon,Aldwich,19
Kendal,Almey,18
Guglielmo,Arnaudi,33
Anitra,Arnley,39
Boonie,Atkins,49
Andy,Ayres,24
Charmine,Balog,42
Lorie,Barrott,18
Corella,Barwood,49
Spense,Basire,28
Olivero,Bates,18
Benedikta,Baumert,48
Celine,Beard,23
Sky,Beauvais,47
Callean,Benoix,31
Dorotea,Bidnall,23
Marti,Birdwistle,27
Cleon,Bodocs,44
Stacia,Boggs,29
Orland,Bollins,31
Saundra,Brammall,26
Lisabeth,Brasner,48
Ebba,Bricklebank,35
Yvette,Bridgestock,20
Maryjane,Brinklow,32
Margalo,Bristow,41
Zonnya,Brunelli,22
Benedicto,Bubb,38
Sergeant,Buckby,49
Verne,Bulbrook,49
Katharyn,Caesman,43
Gwenny,Callender,33
Stavro,Carnaman,22
Emelyne,Carvil,46
Ester,Caswell,30
Calley,Caush,45
Rosaline,Chatburn,24
Deeann,Chattaway,46
Sherilyn,Clines,18
Rhiamon,Coates,38
Giacopo,Conrard,51
Billy,Constable,23
Domingo,Copplestone,24
Donall,Cordel,24
Angeline,Cowdroy,48
Clarisse,Coxwell,32
Stormi,Cramb,27
Joela,Crucetti,47
Frederigo,D'Ambrogio,18
Stu,Dacombe,24
Marcel,Danett,37
Arv,De Blase,25
Ashlin,Deeble,33
Lorant,Deerness,23
Cynthie,Dey,36
Karleen,Dickon,24
Antonius,Do Rosario,24
John,Dohmann,40
Burnaby,Domonkos,31
Lanae,Dovermann,32
Jean,Dowall,40
Chan,Dubarry,42
Rem,Dumper,21
Shell,Dundredge,47
Glenna,Dunkerton,46
Ludovika,Dunsmore,48
Margaret,Eeles,36
Karly,Eilhersen,21
Yoshiko,Ekell,25
Corbin,Ell,24
Lenore,Emma,47
Therese,Eversley,21
Eleen,Extill,34
Fulvia,Faragan,44
Cesare,Farahar,47
Taite,Farington,25
Gabie,Faulks,49
Carlos,Fawdrie,17
Garnet,Feragh,26
Cybil,Folds,31
Haskel,Fouracre,40
Esteban,Frederick,28
Dalli,Gandar,37
Dev,Garcia,37
Zack,Gaspard,48
Lawrence,Gaynesford,33
Selena,Geaves,50
Lonee,Geerdts,40
Una,Geldert,25
Clementia,Geraghty,41
Cyrille,Gerretsen,44
Ron,Gibbins,34
Gerrie,Gillian,31
Danice,Giovanazzi,37
Penny,Gladeche,26
Arney,Glendenning,40
Darrell,Gobourn,30
Bradford,Gocke,40
Bron,Goodburn,37
Elisha,Gosling,24
Susana,Gottelier,34
Jorey,Gouldie,48
Rance,Goullee,51
Fidel,Graith,32
Suzanna,Greason,35
Jeramie,Greenham,27
Lula,Grise,44
Grayce,Grissett,41
Elsworth,Grunwall,29
Delora,Guille,30
Dall,Gurnay,32
Libbie,Gutans,30
Valaree,Gyver,24
Frederich,Hailey,23
Gannie,Hamil,34
Audra,Hand,26
Rowland,Handrock,21
Kaylyn,Hanselman,45
Beau,Harrild,39
Laurence,Haskey,26
Clark,Heak,49
Caril,Heatlie,22
Mort,Heningham,24
Catlee,Henlon,32
Berny,Hennemann,18
Tristan,Herrero,46
Othello,Hilary,33
Bronny,Hollington,44
Clemens,Hubberstey,36
Corliss,Hubbins,19
Othella,Hubbocks,47
Rayna,Ilyunin,33
Robinet,Insko,38
Tonia,Janauschek,27
Roselin,Jerzak,38
Reiko,Jindracek,40
Adriano,Jochen,44
Gwendolin,Joules,22
Baxter,Kear,34
Raquela,Kelling,42
Rita,Keppie,23
Farrah,Kerry,43
Goran,Kirkness,38
Rochella,Knewstubb,46
Ada,Knightsbridge,51
Jacqui,Kynder,30
Jan,Kyston,24
Ernie,La Croce,37
Patin,Lambeth,21
Adriena,Lanceley,48
Cicily,Lapere,23
Gay,Lapthorne,33
Windy,Larroway,33
Tani,Lau,33
Noach,Laux,24
Mort,Le Hucquet,23
Gabriel,Lecky,39
Cyndi,Legat,39
Malachi,Lembrick,20
Patrice,Loges,48
Alia,Longfellow,35
Odetta,Lorriman,44
Nat,Lownsbrough,39
Herc,MacAllaster,51
Veronique,MacIlurick,36
Frazer,MacKimmie,39
Tate,MacPharlain,35
Curt,Machel,50
Orville,Maddyson,30
Lin,Maginn,40
Roch,Malyj,47
Estella,Martonfi,40
Calli,Martynikhin,45
Sebastien,Maudson,39
Lorinda,Mauro,46
Halley,Mawman,37
Ware,McAvey,32
Parsifal,McClosh,32
Corrina,McCullum,43
Isabella,McGuffie,22
Micheline,McInnery,25
Annabelle,McKennan,32
Romola,McKillop,44
Wright,McQuirk,19
Avictor,McSharry,42
Andie,Meatcher,24
Jilleen,Mellish,36
Geralda,Mensler,18
Zola,Metcalf,43
Rollins,Millthorpe,19
Cari,Moughtin,43
Cliff,Mudie,31
Mariana,Munson,23
Demott,Murison,37
Robbin,Murkitt,45
Noelyn,Musk,29
Sapphira,Mutton,19
Ethelind,Nairne,30
Paco,Noyce,40
Englebert,Nugent,18
Gerome,Ogglebie,23
Omero,Onions,31
Vallie,Opfer,31
Wilbur,Orritt,19
Maddie,Ovell,44
Felicity,Palser,47
Flem,Pickston,30
Bertrando,Piggott,46
Evelyn,Pitman,27
Ambrosi,Pluck,38
Carlo,Prendeville,48
Noll,Prigmore,45
Billy,Prozillo,18
Bryanty,Pudner,19
Rozella,Quipp,19
Erastus,Reddan,37
Cort,Reddie,25
Hazel,Redmell,40
Horatius,Reubens,37
Alvina,Rex,32
Bondie,Richfield,33
Izak,Riggott,37
Gothart,Ringsell,23
Bastien,Ritchings,49
Ario,Rosenblatt,22
Imojean,Rosenstengel,34
Modestine,Royce,28
Estell,Roycraft,34
Gabriel,Ruberti,17
Nathanael,Rubke,24
Silvio,Rudsdell,35
Jimmy,Salters,46
Lolly,Sanney,42
Cam,Sappy,41
Corrie,Scanderet,18
Rouvin,Schafer,36
Sabra,Schoolfield,45
Nathaniel,Schwandt,50
Morey,Seeger,19
Liv,Semark,37
Tracy,Sennett,30
Betti,Sharp,34
Adlai,Sharrocks,23
Marcus,Shay,34
Stu,Sherrington,19
Kerby,Shorter,50
Josi,Sibbering,50
Kylila,Silber,48
Mitchell,Sinclair,22
Menard,Skittles,45
Abagael,Skocroft,40
Jaine,Sleeman,26
Kevina,Slingsby,34
Zechariah,Smoth,38
Gunner,Snugg,24
Suzann,Sothcott,33
Kayla,Southerton,19
Mirelle,Spreag,40
Penn,Sreenan,43
Berri,Standbridge,47
Correna,Starie,31
Nerti,Steiner,22
Randi,Stoad,38
Penrod,Stoakley,28
Ruthi,Sutcliff,24
Essy,Sweeny,51
Katya,Takle,48
Max,Taplow,30
Timmie,Thurske,49
Jim,Toghill,41
Welch,Tolle,48
Olivette,Toogood,40
Errick,Towell,36
Rori,Treker,40
Melita,Trenholme,43
Zebulen,Tucker,42
Ezekiel,Tuckwood,20
Eli,Turn,34
Sonia,Undrill,36
Ivory,Valenti,31
Doreen,Verick,37
Marijn,Veronique,38
Bridie,Vines,43
Glyn,Vittet,47
Gregor,Wakeling,36
Beryl,Warburton,27
Yolande,Warrick,21
Norbert,Warters,21
Brod,Wealthall,38
Britta,Whelband,37
Edmund,Winder,32
Deerdre,Winney,36
Seth,Wohler,31
Carri,Wozencraft,38
Gilly,Zambonini,51
Mandel,Zellmer,41
Giulietta,Zold,40
